{
    "start_time": 1721251877.405301,
    "current_time": 1721258183.8345652,
    "panic_sell": false
}